postal_code,log_diff_vs_ref,pct_diff_vs_ref,area_name
220,0.1721773632194232,18.78885022599601,Jätkäsaari
540,0.1480297702905775,15.954741591265309,Kalasatama - Sompasaari
130,0.13164061464163063,14.06982953276903,Kaartinkaupunki
140,0.11947891654159436,12.690948466749475,Kaivopuisto - Ullanlinna
580,0.07020752571879232,7.273077738185374,Kalasatama - Kyläsaari
120,0.05365980200556148,5.512558948142443,Punavuori - Bulevardi
150,0.04150768540621101,4.238117294343002,Punavuori - Eira - Hernesaari
160,0.0191330090196424,1.9317217985102664,Katajanokka
170,0.012470383888721062,1.2548463348603933,Kruununhaka
180,-0.009270245168716723,-0.9227408915688629,Kamppi - Ruoholahti
260,-0.043590375716099486,-4.265397065179933,Keski-Töölö
210,-0.10809210627291453,-10.245507689451316,Vattuniemi
250,-0.11907271589182977,-11.225675462692596,Taka-Töölö
330,-0.15671242015279852,-14.50501101733499,Munkkiniemi
270,-0.16124090988441236,-14.891298886582149,Pohjois-Meilahti
200,-0.18318562694996252,-16.73864141290742,Pohjois-Lauttasaari
590,-0.20211335625467677,-18.299768962902064,Kruunuvuorenranta
560,-0.2082166740707982,-18.79689284288062,Toukola - Kumpula - Vanhakaupunki
280,-0.219504788357164,-19.708368696625367,Ruskeasuo
300,-0.22249191709201502,-19.947852273448085,Pikku Huopalahti
530,-0.22616347655009036,-20.241229587876987,Kallio
510,-0.2629108385394683,-23.11895574827536,Alppila - Vallila
500,-0.26409531747055187,-23.209965814997435,Sörnäinen - Harju
520,-0.2805534525849451,-24.463443327902446,Itä- ja Keski-Pasila
2100,-0.2920624697821909,-25.327811303734027,Tapiola
570,-0.29516822227035455,-25.559364879402548,Kulosaari
610,-0.306100794017181,-26.36876001689633,Käpylä
550,-0.3180439590861739,-27.24291956360808,Vallila - Hermanni
810,-0.31816245292427114,-27.25154031855449,Herttoniemenranta
380,-0.31874429526339737,-27.29385614074108,Pitäjänmäen yritysalue
240,-0.32459076862971525,-27.717690498973337,Länsi-Pasila
2110,-0.34095542320277633,-28.890939435834518,Otsolahti
2250,-0.3466419825542763,-29.294157780068396,Henttaa
320,-0.357969414069481,-30.090554286598003,Etelä-Haaga
990,-0.36036240208304876,-30.257646747361054,Aurinkolahti
2120,-0.3833517505131054,-31.84268865763028,Länsikorkee-Suvikumpu
33180,-0.38393607929608065,-31.882503302863373,Lapinniemi-Käpylä
350,-0.38985838851475096,-32.28472396831332,Munkkivuori - Niemenmäki
2160,-0.4292753749066066,-34.90193592367531,Westend
800,-0.43138899940868786,-35.03938347951466,Länsi-Herttoniemi
340,-0.43200429668543633,-35.07934127573339,Kuusisaari - Lehtisaari
790,-0.4546742849954054,-36.53453491709461,Viikki
2150,-0.45484082151064154,-36.54510335444756,Otaniemi
2200,-0.4639862634812041,-37.122780845119586,Niittykumpu
2170,-0.4746577512552039,-37.79020677288365,Haukilahti
1340,-0.4965205732459955,-39.13552855663613,Leinelä
2390,-0.5099431749289961,-39.94702970142854,Sarvvik
310,-0.5102425179901415,-39.96500345109576,Kivihaka
2680,-0.5132303516143892,-40.144110328398185,Uusmäki
2600,-0.5146422221114769,-40.22855946345306,Etelä-Leppävaara
400,-0.5173624413761027,-40.39092994569516,Pohjois-Haaga
2130,-0.5219827010030031,-40.66570407276574,Pohjois-Tapiola
1510,-0.5465602241475938,-42.106219442495615,Kirkonkylä-Veromäki
2230,-0.5472159419985431,-42.14416898441032,Matinkylä
360,-0.5604387044627445,-42.90414731567862,Pajamäki
2700,-0.5626050881287749,-43.02770495338437,Kauniainen
2610,-0.5685928020823667,-43.36781948895929,Kilo
2650,-0.5697109812647511,-43.431109023145595,Pohjois-Leppävaara
2330,-0.5771887979476219,-43.85254315244052,Saunalahti-Kattilalaakso
1520,-0.583514016941476,-44.2065672925144,Tammisto
1700,-0.5846283953693829,-44.26870765996931,Kivistö
620,-0.5861400617789633,-44.35289113786346,Metsälä - Etelä-Oulunkylä
440,-0.5969252701408733,-44.94983194979048,Lassila
33100,-0.6092898062981013,-45.62631095015952,Tampere Keskus
850,-0.6154924039562739,-45.96252528748702,Jollas
1530,-0.6160169469308385,-45.99086283243088,Veromiehenkylä
33200,-0.6185148469425689,-46.12560390187603,Tampere Keskus Läntinen
33210,-0.6405231037325361,-47.29833324611899,Itä-Amuri-Tammerkoski
830,-0.6411144147739686,-47.329487111852316,Tammisalo
630,-0.6459192786478248,-47.58195473444597,Maunula
2750,-0.6482337557726096,-47.70313481278456,Sepänkylä-Kuurinniitty
640,-0.6489605706252898,-47.74113114133062,Oulunkylä - Patola
650,-0.6605935638290307,-48.34553587354337,Veräjämäki
840,-0.6637693279998929,-48.509318065520915,Yliskylä
820,-0.6703878075053131,-48.84898281663108,Roihuvuori
33230,-0.6728757114711855,-48.97608346248035,Länsi-Amuri
2240,-0.6797420612557018,-49.32523146288892,Friisilä
2180,-0.682666390035239,-49.4732046802974,Mankkaa
660,-0.6864779395651771,-49.665423504751075,Länsi-Pakila
670,-0.6916150194606269,-49.923333227108614,Paloheinä
910,-0.6936626453862665,-50.025766599857576,Puotila
370,-0.6936917476817231,-50.027220943600724,Reimarla
2660,-0.6940008340416721,-50.042664461162545,Lintuvaara
1640,-0.6985131469189406,-50.26757976389575,Hämevaara
430,-0.7065081887635513,-50.66360730680122,Maununneva - Kuninkaantammi
20520,-0.7101921726819682,-50.845027404532296,Kupittaa
1300,-0.7193220913113642,-51.291765858524215,Tikkurila
2820,-0.7219646682293631,-51.42031119351046,Nupuri-Nuuksio
390,-0.7247536148275465,-51.555608595036496,Konala
33870,-0.728203786154753,-51.722462043220304,Vuores
730,-0.7384089953721429,-52.21263898527746,Tapanila
950,-0.7415425856338467,-52.362150617944934,Vartioharju
2280,-0.744510860913707,-52.50334321573591,Malminmäki-Eestinlaakso
90400,-0.7448822566074779,-52.52097999421959,Äimärautio
600,-0.7457581497284888,-52.56254833386605,Koskela
980,-0.7460787800821502,-52.577755782655444,Etelä-Vuosaari
2630,-0.7493867371647898,-52.73436735629554,Nihtisilta
720,-0.7499707032803946,-52.76196082658211,Pukinmäki
700,-0.7507256771791148,-52.79761085407131,Malmi
33540,-0.7529196187717643,-52.90105662041267,Kaleva
20100,-0.753417735793213,-52.92451156366409,Turku Keskus
680,-0.756615455154584,-53.074805337759365,Itä-Pakila
33500,-0.7570949267568382,-53.097299243004834,Osmonmäki-Petsamo
2320,-0.7604744916006735,-53.255542414420695,Espoonlahti
930,-0.7629653497823397,-53.37183133931029,Itäkeskus - Marjaniemi
420,-0.7661014214070985,-53.51783156272396,Kannelmäki
20500,-0.7664852430115323,-53.535668999775275,Vesilinna
2210,-0.7738632381572784,-53.87722107421282,Olari
1690,-0.7748288015831387,-53.92173404913399,Ylästö
2140,-0.7756966261892775,-53.96170455593114,Laajalahti
20730,-0.7803420729068792,-54.175077015472084,Skanssi
2270,-0.7812130597821226,-54.214972545187145,Finnoo-Eestinmalmi
780,-0.7820098547411877,-54.25143929407361,Tapaninvainio
2300,-0.7872551400237812,-54.490775304679495,Nöykkiönpuro
870,-0.7925386788867207,-54.730590966408556,Gunillanmäki - Hevossalmi
20810,-0.7963576625297835,-54.90314439994979,Martti-Korppolaismäki
2740,-0.7985637149919312,-55.00252077423118,Bemböle-Pakankylä
20700,-0.8056028218048144,-55.31815065732,Vartiovuori-Samppalinna
2730,-0.8089426620938732,-55.467131972560125,Jupperi
2780,-0.8099661656342281,-55.512688203189796,Kauklahti
1610,-0.8116143128652924,-55.58594945369779,Kaivoksela
900,-0.8123777103909107,-55.619842091563584,Puotinharju
1370,-0.8134296554308015,-55.66650303186971,Jokiniemi
2260,-0.8145285220625494,-55.71519287563493,Kaitaa
2620,-0.8207576843739154,-55.99019272855834,Karakallio
690,-0.8212409293936489,-56.011455110857746,Torpparinmäki
2720,-0.8291113887259209,-56.35630631567814,Lähderanta
960,-0.8342626983040144,-56.58055042169392,Pohjois-Vuosaari
2340,-0.8362162382893261,-56.6652892552863,Latokaski
33250,-0.8404584788865723,-56.848736136455734,Pispala
2770,-0.8409509946309647,-56.86998358051909,Espoon Keskus
2940,-0.8421811894682185,-56.92300928138996,Lippajärvi-Järvenperä
2450,-0.8465076537803482,-57.108977761327864,Sundsberg
6100,-0.8504911538499677,-57.2794942995971,Porvoo Keskus
33900,-0.8537111987802195,-57.41683500710077,Härmälä-Rantaperkiö
2360,-0.8561063752223884,-57.518707151142735,Soukka
1400,-0.862588181360024,-57.793172180366845,Rekola
410,-0.8636611094324123,-57.83843278575203,Malminkartano
1390,-0.8653301823980736,-57.9087448234956,Ruskeasanta-Ilola
40100,-0.8665963240592798,-57.96200459092671,Jyväskylä Keskus
33240,-0.872311638480343,-58.20157967671005,Tahmela
2760,-0.8729255801173835,-58.22723359150002,Tuomarila-Suvela
710,-0.8742152749076909,-58.281072985058444,Pihlajamäki - Viikinmäki
2810,-0.8753926772583329,-58.33016404215794,Gumböle-Karhusuo
920,-0.8778696261532437,-58.433250373791964,Myllypuro
1380,-0.8830487676241703,-58.64797392878878,Kuusikko-Hakkila
70110,-0.8915757479717458,-58.99908276594663,Etu-Niirala
2920,-0.8921165610297757,-59.02125060250996,Niipperi
70300,-0.8921607864632246,-59.02306286538991,Linnanpelto
2710,-0.8931256307465965,-59.0625801618499,Viherlaakso
70100,-0.8961491105031344,-59.18616669717511,Kuopio Keskus
1350,-0.8992036305669231,-59.31064316516286,Hiekkaharju
1600,-0.9011704945243042,-59.390594941661746,Myyrmäki
760,-0.9122978422163139,-59.839965125510574,Puistola - Heikinlaakso
1670,-0.9129588041728829,-59.866500610298075,Vantaanlaakso
1630,-0.9140751567906401,-59.911278748655185,Hämeenkylä
970,-0.9276832327670769,-60.45311408365461,Mellunmäki
1490,-0.9283349441054699,-60.47887884110024,Nikinmäki
1420,-0.9291016368311548,-60.509167784563665,Päiväkumpu
750,-0.9345448330654367,-60.7235401689975,Tapulikaupunki
90100,-0.9362909525510691,-60.792061720017564,Oulu Keskus
1710,-0.9386254083744734,-60.88348416750786,Pähkinärinne
4250,-0.940215025668004,-60.94561506228233,Alikerava
740,-0.9403187201000547,-60.94966457458797,Siltamäki
50700,-0.9413326200803971,-60.989237643950965,Syysjärvi
2970,-0.9426748432356252,-61.04156366803206,Kalajärvi
36280,-0.9429041275541827,-61.05049520258897,Pikonlinna
33920,-0.9433948690660781,-61.06960465217723,Toivio
1150,-0.9485897790931057,-61.27132015274488,Söderkulla
33530,-0.9502559153372636,-61.335793684168095,Kissanmaa
1230,-0.955073340543454,-61.52160767439354,Vaarala
4400,-0.957233799001934,-61.6046489066956,Loutti
33400,-0.9575349469796499,-61.616209848166605,Luoteis-Tampere
15140,-0.9595222924967554,-61.692415952442914,Kartano-Paavola
15110,-0.9622251361752572,-61.79581556438314,Keski-Lahti
70840,-0.9634994466631847,-61.844468551202645,Jynkänmäki
4220,-0.9698518036322991,-62.08607790043498,Ahjo-Kaskela
53900,-0.9714913517513134,-62.14818866938715,Pallo-Tysterniemi-Leiri
90510,-0.972670198794053,-62.19278387460926,Hietasaari
80220,-0.9756698149235711,-62.30602109091474,Penttilä
33270,-0.9859132427335006,-62.69016580446851,Epilä
13220,-0.9894347410035501,-62.82132125366253,Sairio
40700,-0.9898192185882755,-62.83561287469019,Mäki-Matti
1450,-0.9921720142875381,-62.92295030103471,Korso
4200,-0.9992294155729555,-63.18369674086283,Kerava Keskus
1260,-0.9994497806082435,-63.191808872981724,Itä-Hakkila
4430,-1.0004030472110836,-63.226880173488496,Kinnari-Mikonkorpi
940,-1.0032543178346107,-63.33158095372327,Kontula - Vesala - Kivikko
1620,-1.0056911654791272,-63.42082751999807,Martinlaakso
4300,-1.0075279253459029,-63.487953010394115,Hyrylä
1660,-1.0095756577086392,-63.562643411569276,Varisto
33700,-1.0121700396425795,-63.657053310599984,Messukylä
90130,-1.0152195153056556,-63.76771143167661,Raksila
65100,-1.0169945816762918,-63.831969100959284,Vaasa Keskus
70600,-1.0177955317824663,-63.86092629096773,Niirala-Huuhanmäki
21410,-1.0183355291863143,-63.8804360288701,Vanhalinna
4130,-1.0187772345513866,-63.896386711049935,Sipoo
1280,-1.0197696313838225,-63.93219805004862,Länsimäki
20900,-1.0212825639406087,-63.98672494371325,Moikoinen-Pikisaari
2400,-1.0213435037611602,-63.98891951936344,Kirkkonummi Keskus
40200,-1.0230710658135838,-64.05107718939358,Mannila-Taulumäki
53600,-1.0268370269596918,-64.18620483351047,Kesämäki
40620,-1.0325865642409704,-64.39152676534007,Keskussairaala-alue-Kukkumäki
20300,-1.0337416133223896,-64.43263255546788,Pohjola-Kastu
13200,-1.0358179948372057,-64.50640736093341,Keinusaari
1680,-1.0404187174204265,-64.6693284693618,Askisto
4410,-1.0430422421211412,-64.76189787665663,Järvenpää Keskus
1800,-1.044277279718934,-64.80539139406073,Klaukkala Keskus
33950,-1.0450677052948967,-64.83319912142163,Killo
53100,-1.0490540767116359,-64.97310800160557,Lappeenranta keskus
33520,-1.0496738770804117,-64.99481095573898,Keskussairaala-alue-Kauppi
90120,-1.0499952607974017,-65.0060592459025,Heinäpää
73310,-1.0520546195323899,-65.07805017045392,Tahkovuori
40720,-1.0520554406173908,-65.07807884433134,Nisula
4310,-1.0555703888280303,-65.20061211340536,Tuusula Keskus
4420,-1.0571144602877616,-65.25430339280372,Kyrölä
8100,-1.0574966517290898,-65.26758036333611,Lohja Keskus
33560,-1.0582553963696266,-65.29392340550348,Takahuhti
2430,-1.0652724242730034,-65.53660446771741,Masala
33580,-1.0671936550452783,-65.60275304004786,Atala-Linnainmaa
90140,-1.071844017159353,-65.76234133485605,Karjasilta
2480,-1.0726675112098567,-65.79052423725106,Porkkala
15900,-1.0740519797696342,-65.83785341045507,Jalkaranta
33960,-1.075157881826275,-65.87561251584322,Suuppa
2880,-1.0778835480887536,-65.96849756321102,Veikkola
6750,-1.0797807317206682,-66.03300036642521,Tolkkinen
4330,-1.081526545872561,-66.09224870174329,Lahela
20200,-1.084808293329125,-66.20334298692437,Iso-Heikkilä
4460,-1.0867805215532609,-66.26993202179581,Nummenkylä
80110,-1.0875379102615967,-66.29546912243731,Joensuu Keskus Eteläinen
1200,-1.0927875403971263,-66.47194182993591,Hakunila
770,-1.0978012362135734,-66.63962061844948,Jakomäki - Alppikylä
33800,-1.1034122340374937,-66.82628146802946,Nekala
20720,-1.1037751202777546,-66.83831757002302,Vasaramäki
15100,-1.1040166502347848,-66.84632614256137,Lahti Asemanseutu
90230,-1.1045988054373217,-66.86562110940308,Värttö-Maikkula
80100,-1.1053230877964686,-66.88961106671468,"Joensuu Keskus, Pohjoinen"
1730,-1.1056103574594467,-66.89912131091688,Vantaanpuisto
33820,-1.1056613959669255,-66.90081068724942,Koivistonkylä
1650,-1.1064551486473577,-66.92707283328329,Vapaala
13100,-1.1093339136347835,-67.02214510701846,Hämeenlinna Keskus
37560,-1.1162044602746617,-67.24794442653952,Kulju
40520,-1.1171691165930109,-67.2795236698802,Kuokkala-Ristikivi
90670,-1.1218414965875811,-67.43204956195015,Hiukkavaara
1360,-1.1247326161006845,-67.52607141925951,Koivukylä-Havukoski
1480,-1.1248941745724348,-67.53131743375229,Mikkola
33300,-1.1293747818877216,-67.6764714185327,Rahola
21350,-1.1319040581047708,-67.75812324708205,Ilmarinen
90520,-1.1324106641286749,-67.77445303933224,Taskila-Toppila
4260,-1.1332975212082714,-67.80301982459795,Savio
5800,-1.1333924821107213,-67.80607713372686,Hyvinkää Keskus
1840,-1.1351948400069725,-67.86404984533524,Klaukkala
21100,-1.135802831859793,-67.88358230282275,Naantali Keskus
4320,-1.1358188326194818,-67.8840961857931,Riihikallio
5810,-1.1382260279129566,-67.96131246368361,Martti
10600,-1.1385003480881657,-67.97010011669168,Tammisaari Keskus
21280,-1.1403166126694895,-68.02822209097363,Kuloinen
25660,-1.1425073536359642,-68.09818730879324,Mathildedal
4230,-1.1438059435551886,-68.13958779421458,Pihkaniitty
33730,-1.1485549431164792,-68.29053417197053,Leinola-Vehmainen
50970,-1.149153112615375,-68.30949613545565,Ihastjärvi
40500,-1.149949840680096,-68.33473479376092,Keljo-Ristonmaa
33710,-1.1560163742707499,-68.52625167961766,Kaukajärvi
15160,-1.1600308997699667,-68.65235056186157,Kolava
20660,-1.1664028639729658,-68.85146162395887,Littoinen
33610,-1.167665138564329,-68.8907548278853,Olkahinen-Tasanne
20540,-1.1723531537321212,-69.03625412318348,Nummi-Ylioppilaskylä
65410,-1.175218107265648,-69.12483686303743,Sundom
40600,-1.1765085980442926,-69.16465527818004,Mattilanpelto
1820,-1.1768715425201675,-69.17584476550438,Haikala
80200,-1.1792681729446888,-69.24963041995962,Niinivaara
6400,-1.181288277102727,-69.31168666826349,Gammelbacka
5400,-1.1890873054096889,-69.55009480828738,Jokela
96100,-1.1895040451333398,-69.56278184958153,Rovaniemi Keskus
8150,-1.1897274969668739,-69.56958234196536,Keskilohja
90530,-1.1900299209648968,-69.5787838390881,Välivainio
38420,-1.1920045812839737,-69.63879613604797,Häijää
1900,-1.193116763693364,-69.67254456223164,Nurmijärvi Keskus
28100,-1.1940759522983713,-69.70162036508778,Pori Keskus
5830,-1.1955553527879692,-69.74641066319013,Kirjavatolppa-Kruununpuisto
4340,-1.1962806849951901,-69.76834660953423,Mattila
37500,-1.1982006301337265,-69.82633404133458,Lempäälä Keskus
60100,-1.1989212109340195,-69.84806877394287,Seinäjoki Keskus
50100,-1.2001269606444256,-69.88440254716667,Mikkeli Keskus
20760,-1.206700475554188,-70.08171863539543,Piispanristi
6150,-1.2106377981918386,-70.19928496173178,Kevätkumpu
53550,-1.2112975054444575,-70.21893822616244,Kourulanmäki
65200,-1.2125026148633118,-70.25480604754401,Palosaari
3100,-1.2143247232029017,-70.30895566529071,Nummela
20880,-1.2150082606997925,-70.32924367281846,Uittamo
65300,-1.2173960448830927,-70.40000651865977,Asevelikylä
20380,-1.222290094071368,-70.54451643497246,Räntämäki-Saramäki
36240,-1.224550235657262,-70.61101482211785,Nattari
70620,-1.2262448607742737,-70.66077595941873,Haapaniemi
37140,-1.2266610718780562,-70.67298472935173,Harjuniitty
13130,-1.2268006880276934,-70.67707896848657,Kauriala
8680,-1.2273523933226085,-70.69325211746585,Muijala
37550,-1.2278585030042768,-70.70808079352263,Kuivaspää
6650,-1.23072327804637,-70.79187546884495,Hamari
36100,-1.2308142865029041,-70.79453353422174,Kangasala Asemanseutu
36200,-1.2317773697042738,-70.82264728824796,Kangasala Keskus
99130,-1.2340484152949294,-70.88883520014043,Sirkka-Rauhala
13270,-1.2343523233894944,-70.89768097454602,Ruununmylly
15680,-1.236120010698116,-70.949079333042,Renkomäki-Ämmälä
67100,-1.237454761940848,-70.98782921902254,Kokkola Keskus
33450,-1.2418656014513512,-71.11551543945913,Siivikkala
90420,-1.2440939846861943,-71.17980947811664,Metsokangas
2460,-1.2451640118654013,-71.21063137221196,Kantvik
20780,-1.2472359979930605,-71.27022078909151,Kaarina Keskus
39160,-1.2478980031120752,-71.28923375596221,Julkujärvi
20320,-1.2510222185396858,-71.37879240170261,Kuninkoja-Mälikkälä
33480,-1.2518302012090652,-71.40190850145716,Manninmäki-Haavisto
33340,-1.2540554658146277,-71.46547606869562,Haukiluoma-Ikuri
96200,-1.2556512983297148,-71.51097607493686,Sahanperä-Ratantaus
4500,-1.255963178208562,-71.51985984286084,Kellokoski
34240,-1.257850052362418,-71.57354761625686,Kämmenteisko
4620,-1.258679732021874,-71.59712268436054,Kaunismäki
33410,-1.2623021544758357,-71.69982377922665,Lentävänniemi
33720,-1.2628510868400549,-71.71535439884748,Hervanta
2420,-1.2633918493543892,-71.7306455401092,Jorvas
5900,-1.2642796787009376,-71.7557327643718,Vieremä
6530,-1.2650959412379459,-71.77877809480199,Kerkkoo
5620,-1.2655200351696505,-71.79074400624272,Noppo
6450,-1.2671973345096554,-71.83801971386295,Eestinmäki-Ernestas
21620,-1.269031355071588,-71.88962203045337,Kuusisto
90500,-1.2748539160446075,-72.05282084157491,Tuira
53500,-1.2800378067920624,-72.19732110465054,Parkkarila-Harapainen-Reijola
21290,-1.2802750007223016,-72.20391494928803,Rusko
21420,-1.2819920653508128,-72.2516016714315,Lieto Keskus
4600,-1.2830150050286995,-72.2799720959892,Mäntsälä Keskus
96300,-1.2833525981122138,-72.28932860624899,Niemelänkangas-Korvanniemi
37120,-1.2862773838752044,-72.37025797519962,Koskenmäki
7170,-1.2880059568886224,-72.41797674705893,Keski-Pornainen
20400,-1.2890753407360747,-72.4474567516759,Moisio
95970,-1.2892670965685915,-72.4527396060192,Äkäslompolo
33420,-1.290089001502943,-72.47537153334444,Lamminpää
33470,-1.2916118436025479,-72.5172552970759,Ylöjärvi Keskus
60560,-1.2934159684915914,-72.56679290136474,Halkosaari
70820,-1.2940066789963542,-72.58299319966297,Litmanen
60200,-1.2951873871221344,-72.6153455792595,Törnävä
33330,-1.2959344843534906,-72.63579693823078,Myllypuro-Kalkku
40270,-1.2974786988216338,-72.67802052697914,Palokka
5460,-1.2989694291153269,-72.71871988604238,Hakalanmäki-Hakala
20740,-1.3004277829992534,-72.75847665009321,Ilpoinen-Harittu
15610,-1.3018243898828405,-72.79649579404429,Laune-Nikkilä
50130,-1.3033085308930705,-72.83683968484152,Nuijamies
28540,-1.3061047212073262,-72.91268695949317,Pinomäki
37100,-1.3091915778735526,-72.99617269178538,Nokia Keskus
4440,-1.3119769620747872,-73.07128407015743,Jamppa
70340,-1.3120192632375522,-73.0724231620604,Inkilänmäki
70200,-1.3139870689314506,-73.12535929998631,Puijonlaakso
36110,-1.314663434593953,-73.14353023835578,Ruutana
5820,-1.3152881422062188,-73.16030244004797,Mustamännistö
5200,-1.3155263686038714,-73.16669560297144,Rajamäki
50190,-1.3167885711874379,-73.2005433032859,Tuppurala
70900,-1.3191522963020026,-73.2638150441758,Toivala
70800,-1.322423118823749,-73.3511215002777,Pitkälahti
80710,-1.3225287985362464,-73.35393759729115,Lehmo
15150,-1.3232002321575325,-73.37182265447694,Möysä
15700,-1.3236090881860125,-73.38270751998903,Hennala-Jokimaa
2580,-1.3241319964860838,-73.39662228476219,Siuntio Asemanseutu
60510,-1.3256807258975072,-73.43779182980138,Hyllykallio
8500,-1.3263486913084048,-73.45552854168163,Ventelä-Millola
40530,-1.3271426386945142,-73.47659509143895,Keljonkangas
36220,-1.3275201370761383,-73.4866057442456,Suorama
21160,-1.3280334476848614,-73.50021185841021,Merimasku
33430,-1.32880292059978,-73.52059488453726,Vuorentausta
90540,-1.3319537424533152,-73.60389547127401,Kuivasjärvi
15270,-1.331975917832631,-73.60448080841434,Kukkila
21110,-1.3329675091701918,-73.63064140414156,Taimo-Nuhjala-Lietsala
70700,-1.3376553370809618,-73.753967128622,Särkiniemi
99830,-1.3382320234242548,-73.76909849389932,Saariselkä
15850,-1.3393069394745154,-73.79727936219376,Likolampi
80140,-1.3433310150697906,-73.90250922238553,Noljakka
67300,-1.3447827418196718,-73.94036816078635,Halkokari
13210,-1.3470234413294064,-73.998694594663,Hätilä
10900,-1.3484782795390802,-74.03649478402099,Hanko Keskus
40740,-1.3487638222405665,-74.04390741507869,Kortepohja
67700,-1.350014350178079,-74.07634594713217,Kirkonmäki-Isokylä
11910,-1.3508331582535158,-74.0975637565732,Lasi-Kumela
5100,-1.3512368579085237,-74.10801845072832,Röykkä
21250,-1.351563082397384,-74.116463671581,Masku
40250,-1.3524332247679884,-74.13897623725235,Ritoniemi-Lohikoski
90630,-1.352578195487345,-74.14272505672945,Korvensuora
96900,-1.3541146300948268,-74.18242256468565,Saarenkylä
5840,-1.355061129549132,-74.20684732680422,Hyvinkäänkylä-Vehkoja
68580,-1.3550787258088934,-74.20730118582561,Furuholmen
60320,-1.3558735711107104,-74.2277942458141,Alakylä-Jouppi
11100,-1.3560793489912824,-74.23309705007323,Riihimäki Keskus
95400,-1.3565598758622188,-74.24547576493072,Tornio Keskus
33840,-1.3568030213857196,-74.25173710096962,Peltolammi
37130,-1.3598318886132603,-74.32960718203041,Alhoniitty
7700,-1.3606358496756972,-74.35023688446361,Koskenkylän saha-alue
67200,-1.3614120741912799,-74.37013913410644,Kiviniitty-Tullimäki
21260,-1.3626829518872778,-74.40269086361766,Ihala
21500,-1.3634436683111117,-74.42215575251464,Piikkiö
21200,-1.3705364765926287,-74.6029326322664,Raisio Keskus
57130,-1.3707540918989065,-74.60845882154669,Savonlinna Keskus
11710,-1.3708790027037212,-74.61163030131061,Herajoki
67400,-1.3724017396165589,-74.65026068958404,Rytimäki
65450,-1.3725004303448078,-74.65276235037012,Sulva
65630,-1.374842889022813,-74.71206771985932,Karperö
48310,-1.3763279359618747,-74.74959361553238,Mussalo
7230,-1.376913766673127,-74.76438174697026,Monninkylä
96800,-1.3783417173934316,-74.80039125021523,Ylikylä-Patosaari
10210,-1.3784305568417303,-74.80262987011355,Inkoo Keskus
90570,-1.382105767859234,-74.89506555805225,Kaijonharju-Linnanmaa
40320,-1.3854156009868277,-74.97802134110319,Seppälän Teollisuusalue
93830,-1.3860424635731445,-74.99370176811007,Rukatunturi
36270,-1.3862475804506633,-74.9988304559135,Huutijärvi
70500,-1.3875147856605676,-75.03049200313781,Männistö
95980,-1.3880200304544674,-75.04310453058424,Ylläsjärvi
41310,-1.3882064810469557,-75.04775732475959,Leppävesi
70150,-1.3884853080571293,-75.05471371412216,Neulamäki
96190,-1.3890593527580906,-75.06902931423822,Lapinrinne-Ahokangas
13880,-1.3893840476708876,-75.07712295953715,Rahkoila
90410,-1.389738899423702,-75.08596531718429,Kaakkuri
7500,-1.3912758620414913,-75.12422784558002,Askola Kirkonkylä
15800,-1.394096602887161,-75.19429708212553,Kärpänen
15950,-1.394183320241077,-75.19644807377908,Kiikkula
65280,-1.3968380796520699,-75.2622082093901,Gerby
60720,-1.397045046257725,-75.26732757640113,Tuomikylä
13300,-1.3978017429295169,-75.28603562825562,Käikälä
13800,-1.3987984871311017,-75.31065685636973,Katinala
33310,-1.3988705289701562,-75.3124354579872,Tesoma
48100,-1.3989370446968101,-75.31407751467013,Kotkansaari
80330,-1.3994617167751304,-75.3270261317398,Reijola
37150,-1.399488827454573,-75.32769502375814,Kankaantaka
57100,-1.400936013047948,-75.36337460436049,Heikinpohja-Piispanmäki
90650,-1.4023426388286844,-75.3980047552509,Haapalehto
40420,-1.4035345853352992,-75.42731154800424,Jyskä
50600,-1.4050384154523372,-75.46423692524884,Karikko
60220,-1.4053921379796463,-75.47291424260132,Huhtala
15340,-1.4076162357274116,-75.5274042607685,Kunnas-Hiekkanummi
96400,-1.4085081396221724,-75.5492217332326,Pullinranta-Kiiruna
70260,-1.411464236977688,-75.62139388769339,Julkula
3400,-1.4119577548068163,-75.63342219612265,Vihti Kirkonkylä
40400,-1.4128441982823623,-75.65501221945686,Halssila
90450,-1.412954570658236,-75.65769908531821,Honkanen
68570,-1.4138498141382225,-75.67948161970918,Luoto
65610,-1.413948443321568,-75.68188021428792,Mustasaari Keskus
37470,-1.4184708319613915,-75.79160790031581,Vesilahti Keskus
7900,-1.4190576762381453,-75.80581028896609,Loviisa Keskus
3250,-1.4209360153783104,-75.85121252871406,Ojakkala
80230,-1.4211878545373215,-75.85729337331244,Hukanhauta
13430,-1.4233299057516584,-75.9089529388891,Hattelmala
40630,-1.4249143087393894,-75.94709264352069,Kypärämäki
15210,-1.4272019515204486,-76.00205421320993,Kivistönmäki
15540,-1.4276885882411872,-76.0137296537726,Villähde
33880,-1.4284017362874317,-76.03082931758607,Höytämö
90440,-1.4288393278193,-76.04131572915281,Kempele Keskus
60120,-1.4290792274536428,-76.04706271937074,Pohja
2410,-1.4301832668070131,-76.0734931119759,Gesterby
50170,-1.4356272621792854,-76.20339499130806,Peitsari
15230,-1.4362194342915346,-76.21748250563218,Kytölä
38200,-1.4363232152569978,-76.21995055018867,Vammala Keskus
16610,-1.43843635363902,-76.27014802961808,Kärkölä kk
13500,-1.4404731467600755,-76.3184316403198,Jukola
70910,-1.442138267303338,-76.35783149443552,Vuorela
10640,-1.442538084781693,-76.36728215723427,Dragsvik
53200,-1.4457571292075941,-76.44323461312355,Kaukas-Tirilä
26100,-1.4472256325924482,-76.47780241515112,Rauma Keskus
11130,-1.4494866672406546,-76.53092683817961,Peltosaari-Patastenmäki
70420,-1.4513851004454814,-76.57543904086606,Päiväranta
13720,-1.451675077807968,-76.58223064851656,Parola
21360,-1.453932021576884,-76.63502363932076,Lieto Asemanseutu
21120,-1.4539807469552513,-76.6361620788988,Viherjäinen
8350,-1.4545432660316002,-76.64930098763628,Routio
90240,-1.455195314529509,-76.66452181295499,Iinatti
90150,-1.4557119655254886,-76.67657499708909,Höyhtyä
87100,-1.4557120403512136,-76.6765767422812,Kajaani Keskus
74100,-1.4580046211789064,-76.72998632898769,"Iisalmi Keskus, Eteläinen"
96460,-1.4597615801630395,-76.77083489343376,Pöykkölä
28130,-1.4617356415000566,-76.81664545885214,Impola
70780,-1.4630321625692113,-76.84668368966109,Jynkkä
99100,-1.4649418001482946,-76.89085594264695,Kittilä Keskus
21210,-1.4668557606969843,-76.93504363245,Hakinmäki
28600,-1.46826795414624,-76.9675928244524,Vähärauma
95900,-1.4691347981332255,-76.98754967712979,Kolari Keskus
65230,-1.4708376587966554,-77.02670332748696,Vetokannas
87200,-1.471564542628625,-77.04339617778876,Teppana
8700,-1.4716101245830941,-77.0444425608107,Virkkala
90310,-1.4736277475897188,-77.09071152926627,Madekoski
88610,-1.4736586492606842,-77.09141945362256,Vuokatti
21230,-1.4741418708445393,-77.10248670001654,Lemu
40950,-1.476748433705742,-77.16209279053943,Muurame Keskus
10300,-1.4787190785157727,-77.20705387813643,Karjaa Keskus
28300,-1.4801769921957124,-77.24025981451754,Kalaholma-Väinölä
53850,-1.4814149144167001,-77.26841717073277,Skinnarila
80170,-1.4819171304700627,-77.27983047033695,Utra
80260,-1.4830610554706871,-77.30580578054445,Kettuvaara
10940,-1.4848570534126015,-77.34652792726399,Hangonkylä
15870,-1.4858542067794465,-77.36910565461285,Salpakangas
65350,-1.487525167188124,-77.40688940670867,Suvilahti
45100,-1.489442160759263,-77.4501587676739,Kouvola Keskus
65320,-1.4917665890236622,-77.5025133851432,Huutoniemi
65520,-1.4920697956428643,-77.50933373795993,Helsingby
24100,-1.4997399719661653,-77.68118122106577,Salo Keskus
70280,-1.5000273466895218,-77.68759416393505,Länsi-Puijo
71800,-1.5011734345162941,-77.71315149238076,Siilinjärvi Keskus
66140,-1.5025392393239663,-77.74357019948349,Övermalax
90250,-1.5025932931963863,-77.74477321318636,Kaukovainio
28220,-1.5038567710045856,-77.77287444197013,Ruosniemi
11120,-1.5063758257600122,-77.82879532485245,Pohjois-Riihimäki
10960,-1.508971063862262,-77.88626028012399,Hanko Pohjoinen
15520,-1.5117648511980475,-77.94795514480577,Saksala
5860,-1.5128364030682044,-77.97157239889493,Talvisilta
50500,-1.512888722837015,-77.97272489098496,Tuukkala-Kaituenmäki
60550,-1.5168618435040404,-78.06006828513868,Nurmo Keskus
13600,-1.5192510079433164,-78.11242382189441,Ojoinen
15300,-1.5195007800984925,-78.11789004628426,Myllypohja-Koiskala
48130,-1.5215091425017628,-78.1617931517893,Katariina
21660,-1.5286193597899942,-78.3165168363172,Nauvo Keskus
9430,-1.529479367388277,-78.33515678019967,Saukkola
40930,-1.5315735881458392,-78.38048026931921,Kinkomaa
82220,-1.5354639189330348,-78.46442396229361,Niittylahti
15810,-1.5370089365974304,-78.49767111735024,Kasakkamäki
20360,-1.5377092846727942,-78.5127249599189,Runosmäki-Kärsämäki
2490,-1.5385714972024387,-78.531243573049,Pikkala
21600,-1.5395740589622853,-78.55275654143244,Parainen Keskus
54530,-1.5407023743172776,-78.57694214848722,Luumäki
41340,-1.5432440069798898,-78.6313225552723,Laukaa Keskus
21270,-1.5432629793213397,-78.63172796527131,Nousiainen
54920,-1.5433475938328216,-78.63353595467859,Taipalsaari
45120,-1.5446138734873955,-78.6605747504379,Kotkankallio-Vahteronmäki
8200,-1.5446703622799494,-78.66178015475782,Ojamo
80160,-1.5451652388443122,-78.67233732722036,Rantakylä-Latola
90460,-1.5467278340691895,-78.7056378067097,Oulunsalo Keskus
40800,-1.548297229570963,-78.73903087263133,Vaajakoski
26200,-1.5492817581025413,-78.75995260263623,Merirauma-Kappelinluhta
49220,-1.5506903038947526,-78.78984912177314,Siltakylä
55420,-1.5513685904951153,-78.80423080490266,Karhumäki-Karhukallio
88600,-1.5533195755582725,-78.84554312104449,Sotkamo Keskus
3600,-1.556665138433669,-78.91619842983638,Karkkila Keskus
33850,-1.5573727020535981,-78.93111128427842,Multisilta
53300,-1.558148669131221,-78.94745370687296,Lauritsala-Mälkiä
7920,-1.5605860352561978,-78.99870398683208,Etelä-Harju
36600,-1.5605980597802658,-78.99895651590319,Pälkäne Keskus
12310,-1.5624472766626647,-79.03775611456894,Ryttylä
54915,-1.5625724608510345,-79.04038009181248,Saimaanharju-Kyläniemi
53810,-1.5628687476274468,-79.04658923014169,Kuusimäki-Lavola
3810,-1.5642930969097406,-79.0764129609864,Ikkala
10320,-1.5647778646576964,-79.08655358303263,Bäljars
10650,-1.5650638427877903,-79.09253351622696,Flyet
50150,-1.5673751273004064,-79.1408008184877,Karkialampi
9220,-1.5678982943654651,-79.15171081037992,Sammatti
90800,-1.5687747051270253,-79.16997447098245,Pateniemi
15200,-1.5697776034022088,-79.19085439568721,Kiveriö
28610,-1.5700606967488846,-79.19674449259483,Musa-Tiiliruukki
66100,-1.5744370251736628,-79.28758744671146,Maalahti
71850,-1.574818655324691,-79.29549041974002,Leppäkaarre
24280,-1.5767503458362615,-79.33544652060802,Tupuri-Hähkänä
92100,-1.577472611423869,-79.3503664277531,Raahe Keskus
60150,-1.5782338766061876,-79.36608029285122,Kasperi
21310,-1.5808848499349342,-79.42070782360689,Vahto
84100,-1.5809042240263564,-79.42110652483267,Ylivieska Keskus
21220,-1.5812014019507388,-79.42722120906211,Somersoja
54110,-1.5824349191434601,-79.4525824404296,Lampikangas
14500,-1.5834050863792097,-79.47250720498548,Iittala
80510,-1.5843673395755768,-79.49225035006525,Onttola-Kunnasniemi
15320,-1.5864952658542217,-79.53584293211159,Ahtiala
5880,-1.586663852492998,-79.53929262477284,Paavola-Vaivero
93600,-1.5909877578568308,-79.6275717942132,Kuusamo
21530,-1.5922487266454863,-79.65324460062429,Paimio Keskus
18100,-1.5931839781466872,-79.67226503832325,Heinola Keskus
96910,-1.5936356299625545,-79.6814440237224,Syväsenvaara
13250,-1.5937375672266378,-79.6835151361652,Katuma
90830,-1.5956555089936766,-79.7224436278217,Haukipudas Keskus
28660,-1.5957725817956503,-79.72481743920629,Pietniemi-Leppäkorpi
80400,-1.5995227073576825,-79.80070952822892,Ylämylly
14200,-1.600659417235805,-79.82365721633646,Turenki
91910,-1.6014720385153451,-79.84004628187218,Tupos
52100,-1.601866727505505,-79.84800162360068,Anttola
24240,-1.6062095565702779,-79.93532854766102,Rappula
68600,-1.6062576344213944,-79.93629319075865,Pietarsaari Keskus
23100,-1.6073810658746799,-79.9588207336132,Mynämäki Keskus
85100,-1.6081719569781154,-79.97466485768308,Kalajoki Keskus
95450,-1.6094485887302323,-80.00021352478282,Kirkonmäki
7600,-1.6131117176233813,-80.07334130047083,Myrskylä Keskus
12700,-1.614689716467292,-80.10476074841569,Loppi kk
62100,-1.614920318278347,-80.10934809767261,Lapua Keskus
21330,-1.6166449330226462,-80.1436222458713,Paattinen
66200,-1.6175483077004573,-80.16155189491263,Korsnäs Keskus
48800,-1.6192426808115499,-80.1951371669218,Otsola-Mäntykangas
48410,-1.6196726716070362,-80.20365124502709,Kaukola
28430,-1.6215905900106453,-80.24158264034067,Kartano-Harmaalinna
28200,-1.6263547470139226,-80.33549096814836,Toejoki
50120,-1.6284150833357822,-80.37596476122768,Siekkilä
12240,-1.6307978704574466,-80.42266899444938,Hikiä
87250,-1.6308879902030882,-80.424433219043,Kättö-Kätönlahti
49400,-1.6326165683626863,-80.4582418873612,Hamina Keskus
37600,-1.6345735869974174,-80.49644807483871,Valkeakoski Keskus
20610,-1.6365912534931877,-80.53576006552686,Varissuo
70460,-1.638349606345878,-80.56995499515472,Saarijärvi
55100,-1.6391007159720556,-80.58454360948473,Imatra Keskus
60800,-1.6406740332953278,-80.61506626615478,Ilmajoki Keskus
24130,-1.6422868925554048,-80.64630623642365,Ylhäisi
66400,-1.642853492879881,-80.65726893956105,Laihia Keskus
15880,-1.6431886463692178,-80.6637506371268,Soramäki
90550,-1.6452410835269122,-80.70339637469984,Pyykösjärvi-Puolivälinkangas
55300,-1.6474094852465913,-80.74519382997045,Rauha-Tiuruniemi
21380,-1.6478500919587205,-80.75367575807526,Aura Keskus
28120,-1.648617090528654,-80.76843200151306,Käppärä-Isomäki
11310,-1.6519192216776035,-80.83183242537656,Taka-Kasarmi
20210,-1.6539807162945386,-80.87130679756555,Pahaniemi
16300,-1.6540448305505577,-80.87253318018412,Orimattila Keskus
48710,-1.6544071428582887,-80.87946204154697,Koivula
74130,-1.6545051710465504,-80.881336301375,Kihmula
45360,-1.6564665134388226,-80.91879779755133,Kukkuramäki
17200,-1.6613600218042948,-81.01194372907878,Vääksy Keskus
26840,-1.661447427614591,-81.01360332299296,Kortela
30100,-1.6666386877462391,-81.11191125530472,Forssa Keskus
15170,-1.6671742734252815,-81.12202473658124,Tenava-Tonttila
68630,-1.6682524718404068,-81.14236797059891,Kyrkostrand
53920,-1.66858189570176,-81.1485791014545,Voisalmi
28360,-1.6693447968961521,-81.16295538843346,Vanhakoivisto
28400,-1.6712484375099759,-81.19878024195873,Ulvila Keskus
39100,-1.6730387030237504,-81.23240930584986,Hämeenkyrö Keskus
68620,-1.673842171838656,-81.24748242350265,Skutnäs-Västermalm
74120,-1.6744775646460448,-81.25939385367191,Iisalmi Keskus Pohjoinen
12540,-1.675412600299977,-81.27690879876987,Launonen
80130,-1.6774628691902456,-81.31525684485314,Kanervala
35300,-1.6774789877650964,-81.31555801385704,Orivesi Keskus
20750,-1.6785637989642561,-81.33581611567912,Huhkola-Lauste-Vaala
37800,-1.6805245253401053,-81.37237562000001,Toijala keskus
24800,-1.6809968265866808,-81.38117139292467,Halikko Keskus
90560,-1.6819792553905324,-81.39945408425045,Koskela-Oulu
55320,-1.6827088168999962,-81.41301937764595,Rauha
53950,-1.6829204446148638,-81.41695248168975,Kivisalmi
15860,-1.6841422296757527,-81.43964310717716,Kartano
15240,-1.684737169857462,-81.45068212517627,Mukkula
90810,-1.6862573360425872,-81.47885874896524,Kiviniemi
65380,-1.6870665258064867,-81.49383980480535,Vanha Vaasa
95410,-1.6899854254841906,-81.54777867046936,Kiviranta
21140,-1.6904150792924293,-81.55570503471583,Rymättylä Keskus
31300,-1.690727365474721,-81.56146403390085,Tammela Keskus
15550,-1.6930875315051914,-81.6049307256578,Rakokivi
15840,-1.6947690906080461,-81.63583712908901,Riihelä
37630,-1.695050254316333,-81.64099973941805,Vääräkoivu
90940,-1.6955856553177002,-81.65082653566864,Jääli
96600,-1.6993501374800526,-81.71977181880428,Koskenkylä
66900,-1.7047821697549899,-81.81880139883513,Uusikaarlepyy Keskus
28500,-1.7062800513024692,-81.84601429479551,Keskussairaala-alue-Tiilimäki
45130,-1.706934455314905,-81.8578904495572,Korjala-Kaunisnurmi
25630,-1.7070460220803265,-81.85991439313315,Finby
36420,-1.708988246114764,-81.8951123111998,Sahalahti Keskus
45370,-1.713592047635692,-81.97827204833482,Valkeala kk
20240,-1.714111067738064,-81.98762326047773,Pansio-Perno
96960,-1.7143075551434108,-81.99116211796557,Someroharju
27100,-1.715652106961049,-82.0153596626017,Eurajoki Keskus
45720,-1.7174998229072662,-82.04855948797122,Kotiharju-Puhjonmäki
2570,-1.719694274626068,-82.08790986541473,Siuntio Kirkonkylä
40900,-1.7199752919365119,-82.09294276560962,Säynätsalo
90850,-1.7202551589261748,-82.09795365858706,Martinniemi
87300,-1.7231260657386687,-82.1492750606551,Palokangas
61300,-1.7243785515573447,-82.17161884493731,Kurikka Keskus
54100,-1.7249233685492595,-82.18132940444981,Joutseno Keskus
87700,-1.725745723093449,-82.19597664574731,Lohtaja-Kettu
27800,-1.726459349371057,-82.20867753227785,Säkylä Keskus
68300,-1.7273158985074764,-82.22391014949946,Kälviä Keskus
38700,-1.729616072032693,-82.26475125193733,Kankaanpää Keskus
15830,-1.7314181074029942,-82.2966820186561,Metsäkangas
92140,-1.7341375382157114,-82.34475956565154,Pattijoki Keskus
66440,-1.735915578948798,-82.37612341093615,Tervajoki
34130,-1.7360545889299566,-82.37857313541672,Ylinen
40640,-1.7360774110511248,-82.37897528916676,Keltinmäki
85500,-1.737039148932483,-82.39591394955823,Nivala Keskus
20460,-1.7372893219045404,-82.40031746524255,Jäkärlä
90900,-1.737851882081671,-82.41021556136835,Kiiminki Keskus
57170,-1.7393111732499882,-82.43586545856617,Sortteerinlahti-Talvisalo
10620,-1.7400913888613019,-82.44956392596066,Tammisaari
27320,-1.7404545440140393,-82.45593630010345,Ihode
48220,-1.7407644001133518,-82.46137159312475,Metsola
12400,-1.741092246643495,-82.46712062913917,Tervakoski
49210,-1.741275317900896,-82.47033010162141,Huutjärvi
95430,-1.7420748315631174,-82.48433971101606,Suensaari
48400,-1.74257967086926,-82.49318007313408,Sutela
32200,-1.744084535835011,-82.519505659909,Loimaa Keskus
63610,-1.744089383993131,-82.51959040790415,Tuuri
64200,-1.7448125322765793,-82.53222676656343,Närpiö Keskus
99800,-1.7449531960048572,-82.5346836758681,Ivalo
56100,-1.7449698682719432,-82.53497485985923,Ruokolahti Keskus
41160,-1.7485637194278465,-82.59762890854896,Tikkakoski
27510,-1.7488605120867369,-82.6027930381604,Eura Keskus
35100,-1.7520039683613573,-82.65739453387708,Orivesi Asemanseutu
95300,-1.752030807076471,-82.65785998087848,Tervola Keskus
91900,-1.7520398612337365,-82.65801699863071,Liminka Keskus
34260,-1.7525969248124347,-82.66767489546214,Terälahti
57600,-1.7538611102744064,-82.68957232475927,Poukkusilta-Pihlajaniemi
81100,-1.7552190121135947,-82.71306223423156,Kontiolahti
57200,-1.7559738586882327,-82.72610629623792,Miekonniemi-Venäjänniemi
90840,-1.7560303445867074,-82.72708200008691,Haukipudas Asemanseutu
41800,-1.7560571583886788,-82.72754514648024,Korpilahti Keskus
3850,-1.756313505234318,-82.73197231832836,Pusula
66530,-1.7566680237093464,-82.73809306814528,Koivulahti
57710,-1.7584059714084264,-82.76806730520639,Kellarpelto-Rantakoivikko
71160,-1.7611397315036483,-82.81511094286311,Riistavesi
44100,-1.7619288483937248,-82.82866647991715,Äänekoski Keskus
42100,-1.763554746082805,-82.85656262711984,Jämsä Keskus
45610,-1.7647306513662617,-82.87670983777595,Koria
21570,-1.7656584981235752,-82.89259025858973,Sauvo Keskus
25700,-1.7659287476240295,-82.89721290286464,Kemiö Keskus
7955,-1.7671905316075593,-82.91877931675839,Tesjoki
48600,-1.7674267965780457,-82.92281453414996,Karhula
52300,-1.7676848677690062,-82.92722109511371,Ristiina Keskus
63300,-1.7685046132967004,-82.94121069452713,Alavus Keskus
30420,-1.7710892519986132,-82.98524457122937,Tölö
26660,-1.7719137309385524,-82.99926709731554,Paroalho
23120,-1.7720806956569028,-83.00210538294301,Mietoinen Keskus
23500,-1.7730487872808876,-83.01855293969165,Uusikaupunki Keskus
14300,-1.7732476268191186,-83.02192918710676,Renko kk
66600,-1.7755537893496762,-83.06103826457897,Vöyri Keskus
38210,-1.7781687198591243,-83.10527460972818,Vammala Asemanseutu
27500,-1.7803116929033862,-83.14144078541933,Kauttua
45200,-1.7808959276515002,-83.15128726490784,Tornionmäki
3620,-1.7823047412178588,-83.17500724754484,Polari
23800,-1.782815441050165,-83.18359757479602,Laitila Keskus
21870,-1.7829438212351016,-83.18575632907574,Riihikoski
62800,-1.7835931565927077,-83.19667086802114,Vimpeli Keskus
76130,-1.7845511578735054,-83.21276077054708,Pappilanmäki
15500,-1.7858888077388808,-83.23520120677306,Liipola
25130,-1.7860937974116746,-83.23863746518137,Muurla
44120,-1.7864507200417468,-83.24461890726135,Mämmensalmi-Mustaniemi
54710,-1.7865738182949726,-83.24668133846257,Lemi Keskus
90580,-1.7879915287279933,-83.27041586479861,Rajakylä
36760,-1.7893986767085786,-83.29394031026087,Luopioinen Keskus
73300,-1.7902944999698225,-83.30889928583514,Nilsiä Keskus
28450,-1.7903730429874125,-83.31021020376971,Vanha-Ulvila
62900,-1.7991659613752988,-83.45631886123878,Alajärvi Keskus
50670,-1.800190026860776,-83.47325200229324,Otava
71310,-1.802541341425081,-83.5120659357948,Vehmersalmi Keskus
31600,-1.8035440910220417,-83.52859091843789,Jokioinen Keskus
10520,-1.8038360161051432,-83.53339863412226,Tenhola Kirkonkylä
39500,-1.8043670482202059,-83.5421406069339,Ikaalinen Keskus
48770,-1.805720681560355,-83.56440344285797,Ristinkallio
92120,-1.8059074338049934,-83.5674725408176,Ollinsaari-Mestauskallio
7970,-1.8059683338621013,-83.56847325220629,Ruotsinpyhtää Keskus
62600,-1.8061962719054436,-83.57221819543858,Lappajärvi Keskus
8800,-1.8065462203980138,-83.57796606712918,Kirkniemi
61800,-1.8084625784191692,-83.60940642846394,Kauhajoki Keskus
9120,-1.8116034337582334,-83.6608061499939,Karjalohja
87400,-1.8155383918389356,-83.72497386144165,Petäisenniska
7800,-1.8180420973000162,-83.76567076547437,Lapinjärvi Keskus
15560,-1.8218856877789267,-83.82794911584364,Nastola kk
25360,-1.822921782610958,-83.84469621689747,Pertteli Keskus
18120,-1.8256768810053527,-83.88914441072195,Reumasairaala-alue
21490,-1.8258407447704605,-83.89178417989076,Marttila
26820,-1.8270997472099328,-83.91205170179691,Sampaanala
57210,-1.827236657005955,-83.91425414874512,Nojanmaa
37830,-1.8277294029928575,-83.92217838298201,Viiala Keskus
24260,-1.828860641918995,-83.94035595711446,Ollikkala
12100,-1.8288884507892245,-83.94080255146191,Oitti
45700,-1.8290844765786918,-83.9439502597939,Kuusankoski Keskus
95420,-1.8291916114568008,-83.94567033058429,Miukki-Palosaari-Luotomäki
23310,-1.829598751237979,-83.9522053564281,Taivassalo
49420,-1.829854745362557,-83.95631297178416,Uusi-Summa
58450,-1.8314340075820865,-83.98163016406522,Punkaharju
87500,-1.8317538445619004,-83.98675261187731,Lehtikangas
37240,-1.8326193164671052,-84.00060563203824,Linnavuori
40340,-1.8354555197967553,-84.0459188784517,Huhtasuo
69950,-1.8364928052127711,-84.0624592341071,Perho Keskus-Salamajärvi
67800,-1.8415318965776355,-84.1425679510728,Koivuhaka
48200,-1.8465178622935627,-84.22143578406886,Hovinsaari
31400,-1.8471814718782096,-84.23190311701916,Somero Keskus
7910,-1.8471820582044411,-84.23191236226528,Valko
45160,-1.8474012635559351,-84.23536843264989,Lehtomäki
39200,-1.852358474753805,-84.3133236608818,Kyröskoski
66500,-1.8530346380773874,-84.32392683094989,Vähäkyrö Keskus
44300,-1.8544934076552941,-84.34677793828756,Konnevesi Keskus
91800,-1.8548731539400856,-84.35272106269937,Tyrnävä
92130,-1.8555302624405783,-84.36299964525683,Isoholmi-Antinkangas
94720,-1.859036504660727,-84.41773074977161,Peurasaari
50160,-1.859699957341183,-84.42806541941204,Kattilansilta
29100,-1.8607078057124378,-84.4437516623114,Luvia Keskus
61400,-1.8615522337828334,-84.45688225037898,Ylistaro Keskus
49490,-1.8626385991077294,-84.47375858595029,Neuvoton
16900,-1.8638497535108964,-84.49255187851671,Lammi kk
69600,-1.8662370716770855,-84.52952893556645,Kaustinen Keskus
73100,-1.866427815996125,-84.53247955861862,Lapinlahti Keskus
89400,-1.8673819028580192,-84.54722987899545,Hyrynsalmi Keskus
37200,-1.8682124579137107,-84.56005892699108,Siuro
86600,-1.868432517410677,-84.56345625883553,Haapavesi Keskus
21370,-1.8686179150179933,-84.56631789183223,Aura kk.
32700,-1.8691656144901863,-84.57476859694223,Huittinen Keskus
94100,-1.872505117676979,-84.62619528877539,Kemi Keskus
41900,-1.8730052664027992,-84.63388255506426,Petäjävesi Keskus
86300,-1.8730858289929215,-84.6351204394215,Oulainen Keskus
44500,-1.8742459238638076,-84.65293482220653,Viitasaari Keskus
94450,-1.8756441137372237,-84.67437793905704,Lassila-Jokisuu
31760,-1.876513141817229,-84.68769054961753,Urjala Keskus
61500,-1.8794320661138937,-84.73232085378275,Isokyrö Keskus
21450,-1.8794987745381468,-84.73333930263067,Tarvasjoki Keskus
27230,-1.884416088083406,-84.80822598851485,Lappi
16800,-1.8844476274784394,-84.80870512032085,Hämeenkoski
91100,-1.8844984345311298,-84.8094769256335,Ii Keskus
53650,-1.8848163772279272,-84.81430587380045,Mattila-Kuusela
28760,-1.8853976076881303,-84.82312969720003,Kyläsaari
96440,-1.8861818921195281,-84.83502801385372,Ounasrinne
9810,-1.8863460249640842,-84.83751687958552,Nummi-Oinola
38460,-1.887038875793005,-84.84801858010795,Mouhijärvi Keskus
65370,-1.8873444479423438,-84.85264789630608,Ristinummi
41400,-1.8899713653267718,-84.89238652098132,Lievestuore
43700,-1.8908497979437608,-84.90565171428392,Kyyjärvi Keskus
32100,-1.891025684233032,-84.90830636972728,Ypäjä Keskus
48910,-1.8930441904673743,-84.93873832352995,Suulisniemi
42700,-1.8931888798900858,-84.94091737114086,Keuruu Keskus
41230,-1.8956536125299008,-84.97798827991559,Uurainen Keskus
25260,-1.8956938376634813,-84.97859253019058,Vaskio
59100,-1.8988125877795887,-85.02536756873917,Parikkala Keskus
41660,-1.8997901308065739,-85.03999876377756,Toivakka Keskus
47400,-1.9006267684132738,-85.05250962914808,Kausala
32500,-1.9025672627306114,-85.08148702494232,Oripää Keskus
14700,-1.9043332912058069,-85.10781029300183,Hauho kk
31500,-1.9043679536843996,-85.10832648426246,Koski Tl
16500,-1.90690842208888,-85.14611029570811,Herrala
16600,-1.9070076662697388,-85.1475843846758,Järvelä
40820,-1.907110464052489,-85.14911110159665,Vuoritsalo
91500,-1.9080996252840374,-85.16379376219247,Muhos Keskus
71750,-1.9082847604303481,-85.16654021116506,Maaninka Keskus
63100,-1.9094958278297287,-85.18449365712443,Kuortane Keskus
25500,-1.9102157979447458,-85.19515653999106,Perniö Keskus
87150,-1.9112214360003994,-85.21003737036368,Purola
25250,-1.9113412336333426,-85.2118090667534,Märynummi
21900,-1.9130177894674432,-85.23658152253307,Yläne Keskus
29600,-1.913029253948752,-85.23675077649806,Noormarkku Keskus
61100,-1.913494000560053,-85.24361035244067,Peräseinäjoki Keskus
85800,-1.9157568015553674,-85.27696337576386,Haapajärvi Keskus
23930,-1.915914972998656,-85.27929195555404,Pyhämaa
68100,-1.9160861709646135,-85.28181189511828,Himanka Keskus
10710,-1.9163695196207873,-85.28598168315929,Snappertuna
48700,-1.916968848463102,-85.29479757664942,Kyminlinna
62200,-1.9174662683082342,-85.30211041723467,Kauhava Keskus
21800,-1.9183107360875844,-85.3145170721643,Kyrö
78310,-1.9193570206623314,-85.32987423104423,Puurtila
34800,-1.9203205500124454,-85.3440025201888,Virrat Keskus
19110,-1.9219074779155612,-85.36724208690198,Vierumäki taajama
17500,-1.923621316736934,-85.39229879776215,Padasjoki Keskus
23200,-1.92886592481641,-85.46870991717647,Vinkkilä
10660,-1.929258274203946,-85.47441014162767,Trollböle
68700,-1.9294737927699035,-85.47754033860373,Teerijärvi
94600,-1.9315982292008296,-85.5083596325684,Ristikangas-Kivikko
86100,-1.9322484704047695,-85.51777963128042,Pyhäjoki Keskus
7940,-1.932808632456483,-85.52588974985314,Määrlahti
49410,-1.9337851614476982,-85.54001723906039,Poitsila
97130,-1.9339244415319248,-85.54203108642957,Hirvas
64900,-1.9343152588745323,-85.54768040742167,Isojoki Keskus
45150,-1.935500076178525,-85.56479362573724,Kankaronmäki-Eskolanmäki
55120,-1.9403802874233127,-85.63506886372684,Mansikkala-Tuulikallio
39700,-1.941395313848012,-85.64964225098134,Parkano Keskus
13700,-1.9447680015490978,-85.69795999992755,Parolannummi
96500,-1.9467956778446303,-85.72693052606294,Korkalovaara
43100,-1.9489275516055853,-85.75732649666446,Saarijärvi Keskus
51900,-1.9496086625038764,-85.76702403388433,Juva Keskus
99600,-1.9506427961022381,-85.78173522455624,Sodankylä Keskus
79100,-1.9506956720295117,-85.78248700861465,Leppävirta Keskus
69100,-1.9507249082133822,-85.78290266836245,Kannus Keskus
38800,-1.9531824048414932,-85.81779824167756,Jämijärvi Keskus
77600,-1.9531833244012156,-85.81781128305309,Suonenjoki Keskus
10420,-1.954394737171828,-85.8349813654517,Pohjankuru
54800,-1.9614948678204844,-85.93519864948146,Savitaipale Keskus
51200,-1.963258319296109,-85.95997938794065,Kangasniemi Keskus
49900,-1.9705934835877923,-86.06258845852356,Virolahti Keskus
28190,-1.9721644209575029,-86.08446607047281,Pormestarinluoto
54230,-1.9723072665229597,-86.08645370082014,Nuijamaa
62300,-1.9777184634581557,-86.16153930520045,Härmä
61600,-1.9817001091675797,-86.21652960425773,Jalasjärvi Keskus
28330,-1.9839637386786912,-86.24769498786237,Koivistonluoto
57230,-1.984994407004556,-86.26186175117482,Inkerinkylä
46910,-1.9850184187830324,-86.26219162434668,Anjala
52550,-1.985195806518127,-86.26462832693265,Hirvensalmi Keskus
29250,-1.9857296628665446,-86.27195908533812,Nakkila Keskus
32810,-1.9879598263635114,-86.30254074734258,Peipohja
86800,-1.9898734868349706,-86.3287279689567,Pyhäsalmi
63700,-1.9922812361782412,-86.36160536905864,Ähtäri Keskus
45740,-1.9944212276868227,-86.39076021107599,Maunuksela
46810,-1.9946632069863774,-86.39405296698214,Ummeljoki
18150,-1.99589162207746,-86.41075645613643,Jyränkö
34600,-1.9961934872839264,-86.41485795686319,Ruovesi Keskus-Nenonen
78870,-1.997685953204193,-86.43511819576577,Kaura-Aho
75530,-2.000834774488337,-86.47776440642325,Porokylä
17800,-2.0058196244722306,-86.54500299593045,Kuhmoinen Keskus
5510,-2.00771923405393,-86.57053797623587,Päivärinta
71870,-2.0085742254075836,-86.58201514301207,Harjamäki
32800,-2.008747038033279,-86.58433373985956,Kokemäki Keskus
77570,-2.0114812260084682,-86.62096459258831,Jäppilä Keskus
32210,-2.012124034206645,-86.62956198269943,Loimaa kk
19600,-2.012727173349699,-86.63762378578855,Hartola Keskus
44150,-2.016616994539273,-86.68950007976547,Likolahti-Karhunlähde
91300,-2.0172936679873326,-86.69850389497698,Ylikiiminki Keskus
76120,-2.018019703201936,-86.70815774461468,Kontiopuisto
18300,-2.020276977735857,-86.73812724422724,Heinola kk
54500,-2.0227802968005837,-86.77128442431498,Taavetti-Somerharju
41330,-2.0235133496858495,-86.78097821896993,Vihtavuori
46900,-2.0272230573614887,-86.82992607827603,Inkeroinen
19700,-2.0278247016636888,-86.83784739506409,Sysmä Keskus
43500,-2.0300771249997576,-86.86746077129443,Karstula Keskus
12600,-2.0314206987359835,-86.88509345803216,Läyliäinen
52700,-2.0320777725850574,-86.89370808961942,Mäntyharju Keskus
37910,-2.032554270370825,-86.89995172103794,Kylmäkoski Keskus
23600,-2.0332735978059753,-86.90937155678746,Kalanti Keskus
88900,-2.033423525000669,-86.91133405086744,Kuhmo Keskus
51600,-2.033614867686011,-86.9138382317717,Haukivuori Keskus-Piitkäaho
25900,-2.0343461991953182,-86.92340505552248,Taalintehdas
78200,-2.035420162556574,-86.93744130082712,Varkaus Keskus
46800,-2.0376150736104393,-86.96608101299931,Myllykoski
78850,-2.038666500013872,-86.97977801760447,Käpykangas
27820,-2.0405108192360943,-87.00376933266188,Iso-Vimma
90220,-2.041103713610359,-87.01147244092076,Kontinkangas
44800,-2.0430351484704308,-87.03653472495373,Pihtipudas Keskus
62375,-2.046507745354729,-87.08147354172053,Ylihärmä Keskus-Vesiluoma
69700,-2.0475362082581037,-87.09475293709585,Veteli Keskus
27150,-2.049267721324453,-87.11707920631821,Lapijoki
29200,-2.049556119795594,-87.12079408527048,Harjavalta Keskus
91600,-2.0497731152160164,-87.12358851077292,Utajärvi Keskus
94400,-2.0503320230007134,-87.13078322661457,Keminmaa Keskus
78400,-2.0506126360798618,-87.1343939905221,Luttila
34300,-2.0517411221238957,-87.1489044583817,Kuru Keskus
55700,-2.052724347615499,-87.1615337733636,Vintteri-Virasoja
41520,-2.0528268336483912,-87.1628494694142,Hankasalmi Keskus
25330,-2.0546182248905294,-87.18582524300464,Kuusjoki Keskus
74200,-2.055728279445675,-87.20004178403619,Vieremä Keskus
82500,-2.0575767832926033,-87.22368070099333,Kitee Keskus
55610,-2.060983249226722,-87.26712875327952,Rajapatsas-Teppanala
80790,-2.061443122622869,-87.27298291583247,Kontioranta-Kontioniemi
64700,-2.061954502595317,-87.27948959364417,Teuva Keskus
64100,-2.0657502436410624,-87.32768183661763,Kristiinankaupunki keskus
19650,-2.0659807981656813,-87.3306031601325,Joutsa Keskus
31640,-2.0669283633896547,-87.34260255398468,Humppila Keskus
68660,-2.0681433961896896,-87.35797236773986,Östermalm-Björnholmen
69300,-2.0687577990984813,-87.36573728065333,Toholampi Keskus
92930,-2.069971954248172,-87.38106792702163,Pyhäntä
49460,-2.073935083972638,-87.43097942361572,Hillo
54410,-2.074465499875385,-87.43764446423337,Ylämaa Keskus
63600,-2.0746646218979685,-87.44014565684652,Töysä Keskus
39310,-2.075025429694144,-87.44467653277553,Viljakkala Keskus
82200,-2.077343733999295,-87.4737498797681,Hammaslahti
74700,-2.07766581293781,-87.47778367147586,Kiuruvesi Keskus
93100,-2.077666887631264,-87.47779712901254,Pudasjärvi Keskus
41350,-2.0810717275606505,-87.52036072311944,Laukaa Asemanseutu
58200,-2.081905858379373,-87.53076603454805,Kerimäki Keskus
32610,-2.082258119293746,-87.53515768475748,Vampula Keskus
73500,-2.087693312366126,-87.60272272849876,Juankoski Keskus
59310,-2.0901943805075036,-87.63369042142446,Särkisalmi
39930,-2.0943989307204633,-87.68557603672198,Karvia Keskus
38710,-2.0994277738052785,-87.7473478918496,Myllymäki
35820,-2.1015691456417973,-87.773557303933,Asemakulma-Mustalahti
76150,-2.1031906026154523,-87.7933658909798,Länsirinne
49510,-2.1049797087911335,-87.81518533098095,Husula
78210,-2.1071734752826656,-87.84188667014719,Kuoppakangas
58500,-2.108029437094146,-87.8522890981815,Punkasalmi
44280,-2.1086047558195253,-87.85927589372395,Sumiainen Keskus
29900,-2.1093164517671332,-87.86791332389481,Merikarvia Keskus-Rannikko
76100,-2.110062793911681,-87.87696463337548,Pieksämäki Keskus
91980,-2.1123809116058196,-87.90503470872639,Lumijoki
18130,-2.1257102095492266,-88.06518240541138,Tommola-Sahanniemi
77700,-2.1258726874119414,-88.06712139154061,Rautalampi Keskus
10440,-2.1275221962271402,-88.08678855495693,Bollsta
38300,-2.130982763233894,-88.1279437701669,Kiikka
74300,-2.132143036728799,-88.14171061414385,Sonkajärvi Keskus
85410,-2.1354386749643295,-88.1807269189252,Sievi Keskus
93400,-2.1381944744591106,-88.21325362658328,Taivalkoski Keskus
62190,-2.1412221630397568,-88.24888625451067,Ruha
72400,-2.1469077460977406,-88.3155086147844,Pielavesi Keskus-Jylänki
27430,-2.1486413636037267,-88.33574750528203,Panelia
25410,-2.148958495981339,-88.33944603091665,Suomusjärvi Keskus
81700,-2.151442224486652,-88.36837174451769,Lieksa Keskus
62420,-2.1531764637760498,-88.38852628978451,Kortesjärvi Keskus
78250,-2.153234832906163,-88.3892040216248,Päiviönsaari
35700,-2.1533564051308174,-88.39061548612273,Vilppula Keskus
73600,-2.154403682929434,-88.40276737246866,Kaavi Keskus
52200,-2.155052785970374,-88.41029272880361,Puumala Keskus
92150,-2.155058246953684,-88.41035601982877,Kummatti-Junnilanmäki
27600,-2.156648709934634,-88.42877426888745,Hinnerjoki
29630,-2.160468287678156,-88.47288716520589,Pomarkku Keskus
18200,-2.1630607304963747,-88.50273184406267,Kaakonlampi-Pyhätön
63800,-2.1688845679488877,-88.56949546600767,Soini Keskus
48900,-2.1689306334303455,-88.57002200557457,Sunila
72100,-2.172527968290273,-88.61106559583168,Karttula Keskus
30300,-2.1733042492591816,-88.61990317819847,Viksberg
98100,-2.1753045716786965,-88.64264428864801,Kemijärvi Keskus
28370,-2.179341269712946,-88.68839809484297,Sampola
66300,-2.179444413745561,-88.68956475891055,Jurva Keskus
83500,-2.1810170535519653,-88.70733802046608,Outokumpu Keskus
32740,-2.1814536214272553,-88.71226695792669,Pehula
75500,-2.1831237085801076,-88.73110272280258,Nurmes Keskus
45910,-2.1843005584857744,-88.74435672298605,Voikkaa
42300,-2.1861966145899476,-88.76567783472831,Jämsänkoski Keskus
83700,-2.1863653981363163,-88.76757384345237,Polvijärvi Keskus
78880,-2.189594188542549,-88.80378250671653,Kuvansi
86400,-2.190957988163658,-88.81904149642446,Vihanti Keskus
25460,-2.195190157541353,-88.86626121521228,Toija
83100,-2.1965975795372366,-88.88192006218677,Liperi Keskus
91700,-2.1966258353434545,-88.88223420806077,Vaala Keskus-Oterma
85900,-2.1972728134263892,-88.88942483252032,Reisjärvi Keskus
55800,-2.201745916430897,-88.93901259142511,Vuoksenniska-Saarlampi
48350,-2.204298131754099,-88.96720661906016,Karhuvuori
32440,-2.204996626073049,-88.97491027176686,Alastaro Keskus
23450,-2.2069613750951107,-88.99655054021902,Lokalahti
47200,-2.2097979152802685,-89.02771804195378,Elimäki kk
72600,-2.210343901822229,-89.03370712510927,Keitele Keskus
72210,-2.213727965652326,-89.07075503856979,Tervo Keskus-Eliaksela
57220,-2.2140254084252406,-89.07400538007771,Haka-alue-Viuhonmäki
31900,-2.215517305135971,-89.09029368225926,Punkalaidun Keskus
94200,-2.217468946702732,-89.11156475508355,Torvinen-Vainio
85200,-2.217506481480429,-89.11197344240989,Alavieska Keskus
83900,-2.218620555646446,-89.12409675712682,Juuka Keskus
64350,-2.2210209938513334,-89.15017238179996,Karijoki Keskus
95600,-2.221723739274337,-89.15779437002669,Ylitornio Keskus
35800,-2.2268997386052036,-89.21376863277229,Mänttä
38510,-2.2279009844632562,-89.22456289749454,Suodenniemi
25390,-2.227955822193465,-89.22515378180572,Kiikala Keskus
81200,-2.228065677188893,-89.22633738747406,Eno Keskus
41500,-2.229017623133034,-89.23658845189787,Hankasalmi Asemanseutu
88300,-2.230754098465257,-89.25526263222254,Paltamo Keskus
32300,-2.232228858122883,-89.27109685871527,Mellilä
16200,-2.2345138723851674,-89.29558456737522,Artjärvi Keskus
76850,-2.2364913933395267,-89.31673185670199,Naarajärvi
41770,-2.237741896974334,-89.33008297279737,Leivonmäki
78500,-2.238783523020555,-89.34119124994416,Pitkälänniemi-Könönpelto
28800,-2.241229388206049,-89.3672294032978,Pihlava
92400,-2.242178192256353,-89.3773130346543,Ruukki Keskus
89600,-2.2426076402260984,-89.38187394659752,Ämmänsaari
97700,-2.248220540090676,-89.4413054772389,Ranua Keskus
19430,-2.251414191506612,-89.47497247800433,Pertunmaa Keskus
14820,-2.2571225803480095,-89.53488227078653,Syrjäntaka
25380,-2.2619925059052792,-89.585722719996,Rekijoki
55910,-2.2663784943434275,-89.6312995968472,Rautio-Kurkvuori
42220,-2.2713224301331225,-89.682435275949,Kaipola
86710,-2.2713957625271237,-89.68319185992908,Kärsämäki Keskus
55510,-2.272356048717182,-89.69309419301366,Sotkulampi-Linnasuo
82140,-2.2726997674811313,-89.69663626116528,Kiihtelysvaara Keskus
16100,-2.274000948437032,-89.71003408345805,Uusikylä
44200,-2.274914905732565,-89.71943437649071,Suolahti Keskus
44400,-2.278590141069798,-89.75714852791444,Konginkangas Keskus
58900,-2.2823012756704113,-89.79509068065693,Rantasalmi Keskus
64260,-2.2833463582171865,-89.80575008233049,Kaskinen
27910,-2.2863244038488224,-89.83606386345011,Huovinrinne
47710,-2.28754141730588,-89.84842598654407,Jaala kk
98900,-2.2898458558972594,-89.87179273150886,Salla Keskus
43900,-2.2988811416486565,-89.96289180549736,Kinnula Keskus
43300,-2.300279603712434,-89.97691851034409,Kannonkoski Keskus
92600,-2.3040089101601358,-90.01422804019332,Pulkkila Keskus
28880,-2.3046620519294416,-90.0207480354866,Mäntyluoto
19410,-2.313580858092114,-90.10935532642476,Kuortti
97140,-2.3173746693866333,-90.1468074777793,Muurola
71200,-2.331085321496762,-90.28097927936152,Tuusniemi Keskus
38360,-2.3362854318454196,-90.33138808033333,Kiikoinen
23950,-2.340375244638556,-90.37085014182689,Pyhäranta
83400,-2.342045613034614,-90.38692094361456,Viinijärvi
94700,-2.3429417472564547,-90.39553169396397,Takajärvi-Haukkari
92500,-2.3457857162121405,-90.42280769922172,Rantsila Keskus
38600,-2.3552549458683734,-90.513068308915,Lavia Keskus
79600,-2.3562887728596955,-90.52287108690074,Joroinen Keskus
27710,-2.3698966663935934,-90.65096135222626,Köyliö Keskus
73460,-2.371972434970072,-90.670347665161,Muuruvesi
41930,-2.3729578140162055,-90.67953638115186,Kuohu
66640,-2.3741217326063913,-90.6903783312294,Maksamaa
58700,-2.3742827513063123,-90.69187723372835,Sulkava Keskus
56800,-2.3771367201761056,-90.71840445440284,Simpele
72300,-2.395978463904974,-90.89164866230998,Vesanto Keskus
59800,-2.396088795597641,-90.89265354669416,Kesälahti Keskus
82730,-2.4060665535003034,-90.98307260486203,Tuupovaara Keskus-Pirttiaho
82900,-2.413742519673786,-91.0520212721766,Ilomantsi Keskus
93280,-2.4146991421601856,-91.06057701687412,Syöte
10820,-2.4267690332044745,-91.16782633247848,Lappohja
82600,-2.4289029267265447,-91.18665315629073,Tohmajärvi Keskus
81280,-2.4302761975062723,-91.19874796136082,Uimaharju
29340,-2.4415130609691977,-91.29709284997088,Kullaa Keskus
79700,-2.4446176122279337,-91.32406957433902,Heinävesi Keskus
81720,-2.4449183018378826,-91.32667794430013,Mähkö-Timitra
38950,-2.453511619380206,-91.40089122902076,Honkajoki Keskus
58175,-2.455257205471461,-91.41588862026163,Enonkoski Keskus
28840,-2.4727974266471606,-91.56514302818915,Yyteri-Kaanaa
42600,-2.483168240383789,-91.65216732238484,Multia Keskus-Väätäiskylä
73200,-2.484013332117988,-91.65921902669098,Varpaisjärvi Keskus
75700,-2.505001488392691,-91.83245235799792,Valtimo Keskus
98530,-2.507186232889123,-91.85027688465,Pyhätunturi
42800,-2.5112200721489715,-91.88308534120169,Haapamäki
98120,-2.518793243939487,-91.9443239523762,Särkikangas
78300,-2.5501444039533347,-92.19296084860406,Kommila
89800,-2.5582735959066376,-92.25616850677666,Suomussalmi Keskus
82300,-2.5715295884102973,-92.3581432972138,Rääkkylä Keskus
98440,-2.5745049486405134,-92.38084678146117,Kallaanvaara
63500,-2.5759121923581794,-92.39156124626207,Lehtimäki Keskus
89200,-2.590372301640134,-92.50078848000769,Puolanka Keskus
35600,-2.592074818013922,-92.51354514811148,Halli
97900,-2.5975875530547614,-92.55470244124749,Posio Keskus
85560,-2.6293059329704858,-92.78714931118944,Ainastalo
94830,-2.6465187031573687,-92.91024004712365,Pikku Berliini-Hepola
61980,-2.6748396050289354,-93.10821184101762,Päntäne
52420,-2.6980874457511854,-93.26658300786139,Pellosniemi
73900,-2.7406500658371624,-93.54716144431472,Rautavaara Keskus
98230,-2.9661727247379535,-94.84999615513992,Luusua-Karsimus
